case,site_osm_id,inference_start,damage_threshold,overture_id,T_statistic,T_signed,damage,damage_strict,damage_score,damage_mode
case1_kharkiv5,86492178,2023-02-10,3.0,1cb6b4c2-e833-4d23-ba9c-e84a3acd2c71,4.326440811157227,5.661224703876277,1,0,0.8652881622314453,increase
case1_kharkiv5,86492178,2023-02-10,3.0,cddb4e30-9a6f-4799-9039-a825a62fa935,4.15372371673584,0.9942866610372172,1,0,0.830744743347168,increase
case1_kharkiv5,86492178,2023-02-10,3.0,31e5ba14-fa6b-454e-bf6c-436fc1200a44,3.436411142349243,-0.08107143304874385,1,0,0.6872822284698487,decrease
case1_kharkiv5,86492178,2023-02-10,3.0,931ae164-96e2-4d7c-a93c-586a302691cd,3.21975040435791,-2.6119314908935607,1,0,0.643950080871582,decrease
case1_kharkiv5,86492178,2023-02-10,3.0,e7b9a6bd-a592-46e0-b2ad-d187e16e6a32,3.170671224594116,-2.3007261657340514,1,0,0.6341342449188232,decrease
case1_kharkiv5,86492178,2023-02-10,3.0,e0457ea4-7aa0-48de-906e-ab3e40e5859a,3.115628480911255,0.5605872302489345,1,0,0.623125696182251,increase
case1_kharkiv5,86492178,2023-02-10,3.0,1127fcef-d0e6-4ee6-b9d8-ca754d4cb40a,3.1016628742218018,3.535836572803009,1,0,0.6203325748443603,increase
case1_kharkiv5,86492178,2023-02-10,3.0,99caa475-3653-43e9-b499-dc213f290026,3.0897538661956787,3.187289777535546,1,0,0.6179507732391357,increase
case1_kharkiv5,86492178,2023-02-10,3.0,a4aae059-36ac-403d-99af-040bcf9bd3ae,3.0258538722991943,-2.4101365386138958,1,0,0.6051707744598389,decrease
case1_kharkiv5,86492178,2023-02-10,3.0,4eb7d014-e346-4cee-8b3f-9042c554ea5d,3.0243561267852783,1.8851079083775413,1,0,0.6048712253570556,increase
case1_kharkiv5,86492178,2023-02-10,3.0,9485e1ce-4272-45ed-97c8-4219b9c0feec,2.9811043739318848,3.2886507444848037,0,0,0.596220874786377,increase
case1_kharkiv5,86492178,2023-02-10,3.0,35a865d9-53be-411b-b115-45b4eba118c3,2.9002366065979004,-0.09349320070915125,0,0,0.58004732131958,decrease
case1_kharkiv5,86492178,2023-02-10,3.0,11ea75b7-c64e-4917-9c92-2115ab36472a,2.846025228500366,3.085278924117294,0,0,0.5692050457000732,increase
case1_kharkiv5,86492178,2023-02-10,3.0,6b7bba01-5ea7-44e4-924b-74bbfd082187,2.777170419692993,-1.3285531211552268,0,0,0.5554340839385986,decrease
case1_kharkiv5,86492178,2023-02-10,3.0,09d9ecec-7491-4936-bae3-64a21587f70f,2.7428863048553467,-0.586789976744776,0,0,0.5485772609710693,decrease
case1_kharkiv5,86492178,2023-02-10,3.0,4e237de7-0fbf-4da5-97e2-d770ae39e7ec,2.6682851314544678,0.5662669544821386,0,0,0.5336570262908935,increase
case1_kharkiv5,86492178,2023-02-10,3.0,027ce640-a715-43ac-8f53-620e30466c72,2.656764268875122,-2.481544689851233,0,0,0.5313528537750244,decrease
case1_kharkiv5,86492178,2023-02-10,3.0,886451bf-170e-4dff-925b-3f3d9a4a2ed1,2.656764268875122,-3.116497057897787,0,0,0.5313528537750244,decrease
case1_kharkiv5,86492178,2023-02-10,3.0,750e3e68-c216-4f00-b8c5-7be232342d04,2.656764268875122,-1.947047854977476,0,0,0.5313528537750244,decrease
case1_kharkiv5,86492178,2023-02-10,3.0,1b676a55-194e-4fab-973f-c2eb52350b16,2.631305694580078,-2.231459765931799,0,0,0.5262611389160157,decrease
case1_kharkiv5,86492178,2023-02-10,3.0,1bf4c2df-fed7-4b64-bd2f-6a30e3d80a6c,2.6308538913726807,2.9689997290432633,0,0,0.5261707782745362,increase
case1_kharkiv5,86492178,2023-02-10,3.0,42513949-fd8c-48bd-936e-952aefce3b02,2.6143128871917725,2.837616150803588,0,0,0.5228625774383545,increase
case1_kharkiv5,86492178,2023-02-10,3.0,e9bb2d8f-5ab9-4fce-b29b-290681910ad0,2.613840341567993,2.1352754754498533,0,0,0.5227680683135987,increase
case1_kharkiv5,86492178,2023-02-10,3.0,6b4cc80b-464b-47da-ba8c-dd6fdacf547c,2.6021130084991455,-2.7438682849754295,0,0,0.5204226016998291,decrease
case1_kharkiv5,86492178,2023-02-10,3.0,6824fb40-8e1c-477a-acd9-767f9f5a4dc0,2.5562984943389893,0.09203578888204518,0,0,0.5112596988677979,increase
case1_kharkiv5,86492178,2023-02-10,3.0,e50691ca-6baf-43b7-82e4-08b5cde7011d,2.531280040740967,-1.1355394390100098,0,0,0.5062560081481934,decrease
case1_kharkiv5,86492178,2023-02-10,3.0,53804f45-fd4c-4f73-9a27-0d92f08c9633,2.515047788619995,-1.6596187227597754,0,0,0.503009557723999,decrease
case1_kharkiv5,86492178,2023-02-10,3.0,9372bb7f-9a54-484c-98b1-4ec54e67cdf4,2.4886507987976074,-2.150713435584159,0,0,0.4977301597595215,decrease
case1_kharkiv5,86492178,2023-02-10,3.0,9f8ea0be-9b07-4d47-a362-a098c706403d,2.4884161949157715,-0.9143758301551526,0,0,0.4976832389831543,decrease
case1_kharkiv5,86492178,2023-02-10,3.0,f0f11792-1ce0-4933-915b-ab9201c5c2ea,2.4191629886627197,-1.5527360635974068,0,0,0.48383259773254395,decrease
case1_kharkiv5,86492178,2023-02-10,3.0,5fc262c1-429e-4c7d-9aa3-985025f4e5e3,2.4138123989105225,-1.6899206673150196,0,0,0.4827624797821045,decrease
case1_kharkiv5,86492178,2023-02-10,3.0,eb8490b3-3a50-41c0-a840-b0c595919928,2.4110147953033447,-1.368866295003959,0,0,0.48220295906066896,decrease
case1_kharkiv5,86492178,2023-02-10,3.0,2e0d373a-c598-4564-9685-8e19a6b6d655,2.4067909717559814,-1.4262659557830497,0,0,0.4813581943511963,decrease
case1_kharkiv5,86492178,2023-02-10,3.0,4b06882f-51d4-4000-a9c0-32e397090707,2.385498046875,-1.4546197072235005,0,0,0.477099609375,decrease
case1_kharkiv5,86492178,2023-02-10,3.0,086ebb1e-c761-4f6a-878c-688f935a641e,2.367540121078491,-1.27642946436946,0,0,0.47350802421569826,decrease
case1_kharkiv5,86492178,2023-02-10,3.0,71606da4-9104-493a-8e6f-0a415e763ad0,2.3652589321136475,0.12661514984087988,0,0,0.4730517864227295,increase
case1_kharkiv5,86492178,2023-02-10,3.0,b9576582-1b6b-4087-854a-d7fa18312310,2.3210415840148926,0.6782479331696856,0,0,0.4642083168029785,increase
case1_kharkiv5,86492178,2023-02-10,3.0,f9825c59-785b-454e-b223-c556a30eb674,2.3138067722320557,0.47482369379381406,0,0,0.46276135444641114,increase
case1_kharkiv5,86492178,2023-02-10,3.0,b2d7fd82-6215-413f-81c1-19c5931b19ed,2.3132691383361816,0.6684667535321822,0,0,0.46265382766723634,increase
case1_kharkiv5,86492178,2023-02-10,3.0,d177ea67-a8a9-4197-96cd-de52df95d29b,2.3074309825897217,-0.5645922785535368,0,0,0.4614861965179443,decrease
case1_kharkiv5,86492178,2023-02-10,3.0,23480a20-ead3-4666-81b9-a85620227529,2.2873306274414062,1.3092140541124184,0,0,0.45746612548828125,increase
case1_kharkiv5,86492178,2023-02-10,3.0,db28d0b6-029c-4951-8d09-23501aeab8c3,2.2143497467041016,-0.7227422744461263,0,0,0.4428699493408203,decrease
case1_kharkiv5,86492178,2023-02-10,3.0,602ac8bf-0e56-41b3-866b-dfdd5f56a36f,2.213339328765869,-0.19405372437388105,0,0,0.44266786575317385,decrease
case1_kharkiv5,86492178,2023-02-10,3.0,28e32039-95d5-4d52-9ce6-8fcf41f7e5c1,2.204787254333496,-1.5006224201347633,0,0,0.44095745086669924,decrease
case1_kharkiv5,86492178,2023-02-10,3.0,3653d97a-203c-4df5-8bc4-f41b4266f2c2,2.1400704383850098,-3.3254081484510274,0,0,0.42801408767700194,decrease
case1_kharkiv5,86492178,2023-02-10,3.0,ff9746b6-861a-49b9-ba3f-123b9e7cbb5f,2.1276745796203613,-0.8330380073919146,0,0,0.4255349159240723,decrease
case1_kharkiv5,86492178,2023-02-10,3.0,3b3fbf02-58e2-4a0b-9e3f-4c854df95315,2.124643564224243,-0.025791708912168282,0,0,0.4249287128448486,decrease
case1_kharkiv5,86492178,2023-02-10,3.0,1fce9be2-d21e-4308-ac0a-011a7eb6d2a0,2.1149933338165283,-0.6401626806878837,0,0,0.42299866676330566,decrease
case1_kharkiv5,86492178,2023-02-10,3.0,ea4bd18b-1ca5-450f-964f-1fd9a9da4f86,2.1120753288269043,-2.8640010820354447,0,0,0.42241506576538085,decrease
case1_kharkiv5,86492178,2023-02-10,3.0,b91b67a3-b7c8-4b36-be97-c116f9691a4d,2.1042556762695312,-0.08863491836352617,0,0,0.42085113525390627,decrease
case1_kharkiv5,86492178,2023-02-10,3.0,b82a21fe-7ecb-4219-b180-7a583e918bbf,2.0964181423187256,1.6798063535177787,0,0,0.4192836284637451,increase
case1_kharkiv5,86492178,2023-02-10,3.0,16d8c272-a86f-4037-bcf7-d0b933fb32c0,2.0685081481933594,-0.7960609892511965,0,0,0.41370162963867185,decrease
case1_kharkiv5,86492178,2023-02-10,3.0,f9f8dbf6-3b63-4b36-b6a6-c8372956098b,2.0642590522766113,-2.74979361482065,0,0,0.41285181045532227,decrease
case1_kharkiv5,86492178,2023-02-10,3.0,a42169ef-61e0-48d6-9c3e-fccccfc4edb0,2.0632219314575195,-0.6543367234948244,0,0,0.4126443862915039,decrease
case1_kharkiv5,86492178,2023-02-10,3.0,955178b7-c4e8-449e-816f-054c02ce3143,2.026627779006958,2.0387607815515136,0,0,0.4053255558013916,increase
case1_kharkiv5,86492178,2023-02-10,3.0,1ca08d1d-88fa-4abf-8608-c477cdd1a859,2.024409055709839,-1.9112036274751114,0,0,0.40488181114196775,decrease
case1_kharkiv5,86492178,2023-02-10,3.0,8eda20ca-8cf3-406e-8653-e050e255875f,2.0184390544891357,-0.776111750887052,0,0,0.4036878108978271,decrease
case1_kharkiv5,86492178,2023-02-10,3.0,2cdc82e7-8efc-420c-ba9b-9fc5d76ea685,2.0106704235076904,1.7186817511164068,0,0,0.4021340847015381,increase
case1_kharkiv5,86492178,2023-02-10,3.0,1958a4ba-946e-4674-bc5d-fad255a68f68,2.0071961879730225,-1.8146719891428544,0,0,0.4014392375946045,decrease
case1_kharkiv5,86492178,2023-02-10,3.0,75e9c430-096a-45bd-b3ed-a145290129c9,2.007110357284546,-0.11010360920395461,0,0,0.40142207145690917,decrease
case1_kharkiv5,86492178,2023-02-10,3.0,d78aa991-af37-4637-a34b-1ddc824086f6,1.9941455125808716,-0.4120450640009867,0,0,0.3988291025161743,decrease
case1_kharkiv5,86492178,2023-02-10,3.0,1f0f90b9-eaa2-4e1f-9626-0e7e550049db,1.9693090915679932,-0.9976724962383351,0,0,0.3938618183135986,decrease
case1_kharkiv5,86492178,2023-02-10,3.0,630ab06d-848c-40e8-97bf-bf0090fc28c8,1.9622890949249268,-2.563636788300106,0,0,0.39245781898498533,decrease
case1_kharkiv5,86492178,2023-02-10,3.0,f4f31f02-68a7-4911-ae1d-52cda32ddb78,1.9594584703445435,0.910596381050376,0,0,0.39189169406890867,increase
case1_kharkiv5,86492178,2023-02-10,3.0,c185960a-3582-4f0b-9be7-4213307f60ff,1.9495103359222412,-0.33946051122097476,0,0,0.38990206718444825,decrease
case1_kharkiv5,86492178,2023-02-10,3.0,356c9cc9-a04e-4945-85f6-2cf05666487b,1.9473505020141602,-0.9235706302960578,0,0,0.38947010040283203,decrease
case1_kharkiv5,86492178,2023-02-10,3.0,9b58ce89-e6b7-4f0d-82a5-a29a5e72651b,1.946582853794098,1.1755888544907005,0,0,0.3893165707588196,increase
case1_kharkiv5,86492178,2023-02-10,3.0,19eaf28f-6bb0-41c4-a1d7-b547d949b916,1.9267089366912842,1.935126069112651,0,0,0.38534178733825686,increase
case1_kharkiv5,86492178,2023-02-10,3.0,4c656d7c-3609-4d79-8c28-0b13c51e742d,1.9220105409622192,-0.5259648696092785,0,0,0.38440210819244386,decrease
case1_kharkiv5,86492178,2023-02-10,3.0,3cefecf6-837e-43c5-be22-248e2b146787,1.8914216756820679,-1.1601558691902412,0,0,0.3782843351364136,decrease
case1_kharkiv5,86492178,2023-02-10,3.0,a380d58b-e8d1-461a-a130-19ca53c3984d,1.8873999118804932,-1.507168643487476,0,0,0.37747998237609864,decrease
case1_kharkiv5,86492178,2023-02-10,3.0,9b27c715-ea61-4c98-971f-a69e9ca15f8f,1.8698065280914307,-0.3855447663951178,0,0,0.3739613056182861,decrease
case1_kharkiv5,86492178,2023-02-10,3.0,ae19c3f4-1b54-4cd7-8e97-41c9640dcaf7,1.8230968713760376,1.453525460786876,0,0,0.3646193742752075,increase
case1_kharkiv5,86492178,2023-02-10,3.0,861050ff-6d16-4dd8-9155-de915a6ac918,1.7961740493774414,-2.4326380737173534,0,0,0.3592348098754883,decrease
case1_kharkiv5,86492178,2023-02-10,3.0,0a4b66cf-5a99-492a-936c-737e74d9ac00,1.7736518383026123,-2.096684961879464,0,0,0.35473036766052246,decrease
case1_kharkiv5,86492178,2023-02-10,3.0,09730f88-7de5-4df4-9616-d9a87d07eda9,1.7300386428833008,-2.1466885031744827,0,0,0.3460077285766602,decrease
case1_kharkiv5,86492178,2023-02-10,3.0,258c1a40-0e34-43f4-a5c2-e473c20b9d89,1.7237286567687988,-0.8979270745347148,0,0,0.34474573135375974,decrease
case1_kharkiv5,86492178,2023-02-10,3.0,1b406a54-71d4-4cfb-b3b0-8dbb64e298dd,1.699151873588562,-0.9868272889781914,0,0,0.3398303747177124,decrease
case1_kharkiv5,86492178,2023-02-10,3.0,084163aa-dd0b-4b74-aeec-872cc8d7edec,1.6176323890686035,-1.5936098688714049,0,0,0.3235264778137207,decrease
case1_kharkiv5,86492178,2023-02-10,3.0,ed37b52a-2546-47c0-98c1-d1d190deb173,1.6077824831008911,-2.1643547446861495,0,0,0.3215564966201782,decrease
case1_kharkiv5,86492178,2023-02-10,3.0,44eb6794-0112-461c-861a-94f2fd30f600,1.6060985326766968,1.2513259074858862,0,0,0.3212197065353394,increase
case1_kharkiv5,86492178,2023-02-10,3.0,a755f851-6f1c-4138-a079-190808a47e08,1.6029431819915771,-0.41709313884628635,0,0,0.3205886363983154,decrease
case1_kharkiv5,86492178,2023-02-10,3.0,20b91612-74db-4c26-8496-d2ce84ca4b1c,1.5816153287887573,0.7607442834821327,0,0,0.3163230657577515,increase
case1_kharkiv5,86492178,2023-02-10,3.0,63cc7c2a-81f7-4fe1-b07b-a450ada007e6,1.5480773448944092,0.0448644150326363,0,0,0.3096154689788818,increase
case1_kharkiv5,86492178,2023-02-10,3.0,d7f94cf0-7956-4203-8bc9-1f0b85191269,1.530090093612671,-0.07795296244609475,0,0,0.3060180187225342,decrease
case1_kharkiv5,86492178,2023-02-10,3.0,c3e40a8b-59ec-460e-9b37-28269d9a9b2e,1.377576470375061,-1.0904749437410177,0,0,0.2755152940750122,decrease
case1_kharkiv5,86492178,2023-02-10,3.0,862096df-5956-455e-970b-1ea54ea115ee,1.3616524934768677,-1.2702037130886166,0,0,0.2723304986953735,decrease
case1_kharkiv5,86492178,2023-02-10,3.0,5b6ba0b3-e766-4253-acdb-a5d84da434a1,1.2247108221054077,-1.085686343897463,0,0,0.24494216442108155,decrease
case1_kharkiv5,86492178,2023-02-10,3.0,1f9b4342-16f9-4b01-bc27-67ec3581e045,1.1475250720977783,-0.8224118180994716,0,0,0.22950501441955568,decrease
case2_trypilska,2271440,2024-04-11,3.9,8203e9d1-7b12-4b08-ad71-98d8442912ea,8.90610440572103,3.1318230140810654,1,1,1.0,increase
case2_trypilska,2271440,2024-04-11,3.9,6c7f8d1b-0bc7-43ce-b78b-b51f0f0a2c54,4.986047267913818,2.0873272973838564,1,0,0.9972094535827637,increase
case2_trypilska,2271440,2024-04-11,3.9,13d5285b-3349-4b24-a480-37840779e147,4.398538112640381,2.9757595154912733,1,0,0.8797076225280762,increase
case2_trypilska,2271440,2024-04-11,3.9,939656c0-b404-488d-af20-24ed5f5a6e2c,4.204308986663818,5.987977259472948,1,0,0.8408617973327637,increase
case2_trypilska,2271440,2024-04-11,3.9,23789c88-93d3-449c-a6c7-926ffee751d2,4.156835079193115,-3.5873372321944585,1,0,0.831367015838623,decrease
case2_trypilska,2271440,2024-04-11,3.9,460780fb-b0a4-49d6-805f-d5d25aa0a3bf,4.131408214569092,4.389283432736751,1,0,0.8262816429138183,increase
case2_trypilska,2271440,2024-04-11,3.9,9bcbeaf2-0676-4195-95d7-798f101ec5a6,4.059966564178467,2.433873496253009,1,0,0.8119933128356933,increase
case2_trypilska,2271440,2024-04-11,3.9,71e7c432-85e9-4aac-a670-27ffc12ad6d5,4.018887519836426,5.144654190786469,1,0,0.8037775039672852,increase
case2_trypilska,2271440,2024-04-11,3.9,614072e7-7b67-4dcf-95cc-3f4c0ae2814c,3.941223382949829,3.947908147935691,1,0,0.7882446765899658,increase
case2_trypilska,2271440,2024-04-11,3.9,3e591473-101c-4c72-bdb8-053d9d3a0270,3.926197052001953,3.73730560707826,1,0,0.7852394104003906,increase
case2_trypilska,2271440,2024-04-11,3.9,e9a37bba-d5a4-4874-aa96-97c525176bd3,3.9196765422821045,5.373470003751271,1,0,0.7839353084564209,increase
case2_trypilska,2271440,2024-04-11,3.9,c35cfa7e-2dfc-4bea-825e-36e7fc1ffc86,3.8565914630889893,3.828836635675574,0,0,0.7713182926177978,increase
case2_trypilska,2271440,2024-04-11,3.9,76950987-a2f1-4fb2-b16a-696fbbb01b87,3.82585072517395,-7.973982586131518,0,0,0.7651701450347901,decrease
case2_trypilska,2271440,2024-04-11,3.9,ff81b155-2779-4030-b28e-ec226aacce49,3.7861199378967285,-4.18747885433899,0,0,0.7572239875793457,decrease
case2_trypilska,2271440,2024-04-11,3.9,66a09ae7-1966-48dc-8d67-612c0e8cc3d5,3.785299301147461,2.6558008201718977,0,0,0.7570598602294922,increase
case2_trypilska,2271440,2024-04-11,3.9,eae382c9-dbc9-451a-a533-31f37994f18a,3.6928250789642334,-1.0139734394012339,0,0,0.7385650157928467,decrease
case2_trypilska,2271440,2024-04-11,3.9,b1c7c384-d1fd-4688-a09a-40ac5647856d,3.6354410648345947,4.039791641250015,0,0,0.727088212966919,increase
case2_trypilska,2271440,2024-04-11,3.9,c29b998a-0d83-4b74-a9bc-128cb72c0d89,3.6127219200134277,3.8005719641327427,0,0,0.7225443840026855,increase
case2_trypilska,2271440,2024-04-11,3.9,0248628a-0595-458a-9078-760e4e5a7ec0,3.599503755569458,2.5109535090942763,0,0,0.7199007511138916,increase
case2_trypilska,2271440,2024-04-11,3.9,57b0f493-213b-4744-b65b-28aeb045b2b3,3.5959084033966064,3.462727008582051,0,0,0.7191816806793213,increase
case2_trypilska,2271440,2024-04-11,3.9,de5fae7e-4e09-46df-9c48-1ee43eff70f1,3.5910072326660156,2.335667572170205,0,0,0.7182014465332032,increase
case2_trypilska,2271440,2024-04-11,3.9,31cfd26d-0660-47c1-b68d-2456047f98a8,3.5548691749572754,2.5918685486920228,0,0,0.7109738349914551,increase
case2_trypilska,2271440,2024-04-11,3.9,0f74e773-03a5-4198-96ab-b2bdd6eb5d9e,3.528045177459717,3.675512933617314,0,0,0.7056090354919433,increase
case2_trypilska,2271440,2024-04-11,3.9,1297884e-3d45-49f0-af04-caaf0e49c244,3.5246970653533936,1.764904519287498,0,0,0.7049394130706788,increase
case2_trypilska,2271440,2024-04-11,3.9,f0f8e8a9-3116-454f-b55a-90ceec9e2c46,3.5082268714904785,0.5149821943648587,0,0,0.7016453742980957,increase
case2_trypilska,2271440,2024-04-11,3.9,03088f19-9bc6-413a-b832-5da232b0e078,3.494354009628296,-0.026711343208425036,0,0,0.6988708019256592,decrease
case2_trypilska,2271440,2024-04-11,3.9,436519cb-a6ae-4a1b-bf45-31ec0bd06058,3.462209939956665,1.219653038603862,0,0,0.692441987991333,increase
case2_trypilska,2271440,2024-04-11,3.9,d32f8123-d3ef-4d7c-820c-588021b929e1,3.4543018341064453,-3.095676296929452,0,0,0.690860366821289,decrease
case2_trypilska,2271440,2024-04-11,3.9,512d2ed1-125b-4d86-9322-cac54544747d,3.3654158115386963,-3.338643146577581,0,0,0.6730831623077392,decrease
case2_trypilska,2271440,2024-04-11,3.9,bbbd016f-ca40-4de1-8f97-65c194954b09,3.2126524448394775,2.7054411132206293,0,0,0.6425304889678956,increase
case2_trypilska,2271440,2024-04-11,3.9,99df705b-6561-4d3e-a546-7915ae1d6c63,3.1177263259887695,-0.587595283267874,0,0,0.6235452651977539,decrease
case2_trypilska,2271440,2024-04-11,3.9,fe18cea9-5c29-4a35-b8be-71128cb1cd2a,3.084014654159546,2.6604413075273543,0,0,0.6168029308319092,increase
case2_trypilska,2271440,2024-04-11,3.9,da4a01cd-a7b4-49dd-9fad-aea8ba24d76d,3.0668907165527344,2.882047870487724,0,0,0.6133781433105469,increase
case2_trypilska,2271440,2024-04-11,3.9,c5f3b536-0dd6-4a30-b050-f09e9654e2fc,3.0651285648345947,3.461676852649109,0,0,0.613025712966919,increase
case2_trypilska,2271440,2024-04-11,3.9,49d2b78a-e7bd-49cc-9622-384a7fb7255d,3.0540390014648438,-2.293613600027596,0,0,0.6108078002929688,decrease
case2_trypilska,2271440,2024-04-11,3.9,663ea810-a34b-4b2c-befe-0f5f3279b1af,3.0331058502197266,-0.05301064990216937,0,0,0.6066211700439453,decrease
case2_trypilska,2271440,2024-04-11,3.9,dadfc226-b7e6-4c6b-b65e-2af36afb5ad0,3.0213165283203125,3.1584884325663256,0,0,0.6042633056640625,increase
case2_trypilska,2271440,2024-04-11,3.9,8ebf6306-6094-4a39-8a90-8742e4d5cbff,3.0080151557922363,3.2103385480529356,0,0,0.6016030311584473,increase
case2_trypilska,2271440,2024-04-11,3.9,8003b96d-9066-4f4f-b63b-c19c57db7ace,3.0023295879364014,3.032537122892443,0,0,0.6004659175872803,increase
case2_trypilska,2271440,2024-04-11,3.9,ead69f6b-2d31-4367-9f2d-95021429d7e1,2.9916679859161377,1.8405597000193776,0,0,0.5983335971832275,increase
case2_trypilska,2271440,2024-04-11,3.9,adfbb680-b62d-4fac-add1-b6cb0a574964,2.9795055389404297,0.4538981081718621,0,0,0.5959011077880859,increase
case2_trypilska,2271440,2024-04-11,3.9,d5d4dfdb-1f8a-4aaf-8619-f8c24d2de991,2.978410243988037,2.361656957860744,0,0,0.5956820487976074,increase
case2_trypilska,2271440,2024-04-11,3.9,f869b37c-257e-4ff1-b9cc-fd4ec0edf620,2.957353115081787,-1.6768720038483023,0,0,0.5914706230163574,decrease
case2_trypilska,2271440,2024-04-11,3.9,49bf767e-75bd-4455-ad2d-45eff4014452,2.933088779449463,2.7265887893518745,0,0,0.5866177558898926,increase
case2_trypilska,2271440,2024-04-11,3.9,04d1e247-417b-4446-acc5-997ff2dd4ec7,2.9278305768966675,-0.4967991539466582,0,0,0.5855661153793335,decrease
case2_trypilska,2271440,2024-04-11,3.9,d596b19c-9a8f-45b5-8a75-9904794434f3,2.887108087539673,-0.17766092564118163,0,0,0.5774216175079345,decrease
case2_trypilska,2271440,2024-04-11,3.9,df1dce7e-9d4b-473e-b3fa-42535ff2ad56,2.8856496810913086,2.936227059326928,0,0,0.5771299362182617,increase
case2_trypilska,2271440,2024-04-11,3.9,ac65c9ed-9954-43f2-9cdc-a0ce4d0e66f6,2.8831560611724854,2.5089551796144454,0,0,0.5766312122344971,increase
case2_trypilska,2271440,2024-04-11,3.9,7634178a-a8fa-4a08-b63b-db7c4d9c019a,2.8811588287353516,2.634955477954156,0,0,0.5762317657470704,increase
case2_trypilska,2271440,2024-04-11,3.9,843d305f-2621-4802-89a1-e25e3efad116,2.8811588287353516,2.5635218752207156,0,0,0.5762317657470704,increase
case2_trypilska,2271440,2024-04-11,3.9,c2a9054e-6e8a-4169-a7ca-009656b4c0c0,2.859569787979126,2.157309317342783,0,0,0.5719139575958252,increase
case2_trypilska,2271440,2024-04-11,3.9,db5f7ffa-72d1-40d0-bb7a-302c929c8474,2.852414608001709,-0.42116734306121295,0,0,0.5704829216003418,decrease
case2_trypilska,2271440,2024-04-11,3.9,660854d8-0984-4e8d-b114-1c314193407b,2.851793050765991,1.5999072572904591,0,0,0.5703586101531982,increase
case2_trypilska,2271440,2024-04-11,3.9,fcc3bd14-f69a-4cb0-bdf1-8cec1b55f8b8,2.837996482849121,1.737282025316038,0,0,0.5675992965698242,increase
case2_trypilska,2271440,2024-04-11,3.9,43faac41-f4dd-4aee-8b0f-d459dc151729,2.83461332321167,2.042751599012912,0,0,0.566922664642334,increase
case2_trypilska,2271440,2024-04-11,3.9,87376ca1-854c-456f-b855-0adbdeb591d8,2.8228518962860107,-0.810246685349293,0,0,0.5645703792572021,decrease
case2_trypilska,2271440,2024-04-11,3.9,1ff245fe-18ed-415e-949e-a17c55c67edc,2.8211915493011475,2.6154707134502657,0,0,0.5642383098602295,increase
case2_trypilska,2271440,2024-04-11,3.9,2ecd4a7a-27ac-4a88-b2d8-9c482e126509,2.8198580741882324,1.2006135082594183,0,0,0.5639716148376465,increase
case2_trypilska,2271440,2024-04-11,3.9,44d1eed5-995f-407c-867a-e468c52ec636,2.7934560775756836,0.22399129901193018,0,0,0.5586912155151367,increase
case2_trypilska,2271440,2024-04-11,3.9,8e82c556-f83a-4f4f-ac03-90c659415512,2.790945529937744,-3.482954664542225,0,0,0.5581891059875488,decrease
case2_trypilska,2271440,2024-04-11,3.9,cac69d8f-3946-4928-af12-2e2934755f75,2.781078338623047,-0.5485445198197656,0,0,0.5562156677246094,decrease
case2_trypilska,2271440,2024-04-11,3.9,7ea78af1-b972-413f-bbbe-4facedfa0f7f,2.775137186050415,-1.466699679263776,0,0,0.555027437210083,decrease
case2_trypilska,2271440,2024-04-11,3.9,33cd0b01-d16d-4aa9-b83a-a303488dbe62,2.7681877613067627,0.17829770824066923,0,0,0.5536375522613526,increase
case2_trypilska,2271440,2024-04-11,3.9,20783aaf-8270-4e0d-8595-17698df2517c,2.764310598373413,0.16204979163149136,0,0,0.5528621196746826,increase
case2_trypilska,2271440,2024-04-11,3.9,f0a0cf1e-3374-46eb-8be1-fa8002dc0b7c,2.74190616607666,1.6797329162157908,0,0,0.548381233215332,increase
case2_trypilska,2271440,2024-04-11,3.9,3613f513-75a1-4645-a31b-74fb357f49a1,2.7402541637420654,-1.4393243823339523,0,0,0.548050832748413,decrease
case2_trypilska,2271440,2024-04-11,3.9,4b3c1829-7c25-49ce-ac5f-cb7b58625de5,2.739793062210083,-1.546240819791753,0,0,0.5479586124420166,decrease
case2_trypilska,2271440,2024-04-11,3.9,00b72d79-c49a-4d47-bd6a-0c88c255ae4e,2.7236831188201904,3.0367016188997074,0,0,0.5447366237640381,increase
case2_trypilska,2271440,2024-04-11,3.9,448ad7cc-c3b5-4746-98ec-9f99d6f6b928,2.719853639602661,0.6125798771558704,0,0,0.5439707279205322,increase
case2_trypilska,2271440,2024-04-11,3.9,113f392a-9e9f-4cd4-983f-e300e31e83dc,2.7131752967834473,2.4185887286856214,0,0,0.5426350593566894,increase
case2_trypilska,2271440,2024-04-11,3.9,8e123125-0127-4855-afd9-66c0519ce8e6,2.7011611461639404,-0.15334289959821149,0,0,0.5402322292327881,decrease
case2_trypilska,2271440,2024-04-11,3.9,e0f905c7-1da2-4014-8d77-6c9a7966aa55,2.662238597869873,3.6305319589550167,0,0,0.5324477195739746,increase
case2_trypilska,2271440,2024-04-11,3.9,ee11e7be-9509-48ea-8769-396fb417fa38,2.661431312561035,2.401853012092953,0,0,0.532286262512207,increase
case2_trypilska,2271440,2024-04-11,3.9,cbf8cbb2-848c-499f-a8fe-84e4383df70d,2.661431312561035,2.7172707773936096,0,0,0.532286262512207,increase
case2_trypilska,2271440,2024-04-11,3.9,6b56c0a9-7e35-41df-bfe6-da75a3da4ce3,2.601402521133423,1.8221626630496408,0,0,0.5202805042266846,increase
case2_trypilska,2271440,2024-04-11,3.9,f81b6f72-5624-40f6-8f52-ebaebfdd3307,2.5913267135620117,1.5878937760579217,0,0,0.5182653427124023,increase
case2_trypilska,2271440,2024-04-11,3.9,4b0349eb-5d50-41a1-a82e-b95ddfbb4dbc,2.58961820602417,1.8694107180023989,0,0,0.517923641204834,increase
case2_trypilska,2271440,2024-04-11,3.9,6400eb40-170d-4bf4-8160-23829f55c90f,2.5886149406433105,3.4000816404688288,0,0,0.5177229881286621,increase
case2_trypilska,2271440,2024-04-11,3.9,2c7ac875-4ea6-421b-967b-1af7bb4fa7dd,2.5717403888702393,2.207757019457409,0,0,0.5143480777740479,increase
case2_trypilska,2271440,2024-04-11,3.9,0aae4be2-4247-4fb1-98af-01325ce0ca15,2.5485270023345947,2.5690023746006623,0,0,0.5097054004669189,increase
case2_trypilska,2271440,2024-04-11,3.9,d7fc9842-b7fc-460b-a2b4-cf1f3bc68421,2.5358707904815674,2.8302518707595796,0,0,0.5071741580963135,increase
case2_trypilska,2271440,2024-04-11,3.9,ac4e5ae9-f79a-4b75-848a-421840e52427,2.5333504676818848,-0.37658874306764256,0,0,0.5066700935363769,decrease
case2_trypilska,2271440,2024-04-11,3.9,899411c5-f7a3-45e8-846e-16c9cd8b56ba,2.530130624771118,1.7361468926902575,0,0,0.5060261249542236,increase
case2_trypilska,2271440,2024-04-11,3.9,7b6c495e-0fb0-4c20-8a48-1b8ea22ebb93,2.521101951599121,2.18082052840306,0,0,0.5042203903198242,increase
case2_trypilska,2271440,2024-04-11,3.9,97d3b6ba-12a7-4509-8acf-2d05cd64850b,2.514366388320923,2.9621094632140204,0,0,0.5028732776641845,increase
case2_trypilska,2271440,2024-04-11,3.9,b6fd4ef3-0c19-40ca-9e4d-19c96e0ad431,2.5101540088653564,1.232830426621405,0,0,0.5020308017730712,increase
case2_trypilska,2271440,2024-04-11,3.9,ddcd40a1-b8e9-43ea-bfbe-04a62468c3e1,2.506629705429077,1.5564729251293585,0,0,0.5013259410858154,increase
case2_trypilska,2271440,2024-04-11,3.9,c120cdb8-81e7-483e-a818-3e203cb8a2d5,2.500079870223999,-1.5492141154186783,0,0,0.5000159740447998,decrease
case2_trypilska,2271440,2024-04-11,3.9,bec837d6-bea7-40e5-bb76-84ba880b864f,2.4730300903320312,3.0990732544451376,0,0,0.49460601806640625,increase
case2_trypilska,2271440,2024-04-11,3.9,31a4c8ca-8324-47bd-b638-a1e41293b85f,2.4372735023498535,-0.126123793291888,0,0,0.4874547004699707,decrease
case2_trypilska,2271440,2024-04-11,3.9,5f85d66b-a7b1-480b-8ab4-1220e7c8ae6a,2.413055181503296,1.7485205121002574,0,0,0.48261103630065916,increase
case2_trypilska,2271440,2024-04-11,3.9,dcbbf10e-f5c3-4e5f-94df-32ae53dd83c2,2.4033191204071045,1.0126735342600877,0,0,0.4806638240814209,increase
case2_trypilska,2271440,2024-04-11,3.9,90815cc7-b0d3-4753-9146-f3e3eedbadf6,2.3959708213806152,1.2206897320131125,0,0,0.47919416427612305,increase
case2_trypilska,2271440,2024-04-11,3.9,7a7b7c2a-90c1-4d78-8a50-89eda3ac416a,2.378530502319336,1.654026252677642,0,0,0.4757061004638672,increase
case2_trypilska,2271440,2024-04-11,3.9,8d3af9f7-6cbe-4e8d-bb64-17a4b0be550c,2.362027645111084,-0.10130854666459388,0,0,0.4724055290222168,decrease
case2_trypilska,2271440,2024-04-11,3.9,b68fbc11-d1d5-446c-ae08-3e5684ec16cc,2.3529632091522217,2.1743429674911083,0,0,0.47059264183044436,increase
case2_trypilska,2271440,2024-04-11,3.9,4a89d36f-cb6f-4ef3-963d-54cef71203fb,2.31624436378479,1.8912406757795555,0,0,0.46324887275695803,increase
case2_trypilska,2271440,2024-04-11,3.9,c4637f3c-a07a-45a2-b1b8-041151ee422f,2.3080577850341797,2.3301123977989278,0,0,0.4616115570068359,increase
case2_trypilska,2271440,2024-04-11,3.9,d47c4d0b-f782-4606-93bc-8faf012fed25,2.3077619075775146,1.8746298869150866,0,0,0.46155238151550293,increase
case2_trypilska,2271440,2024-04-11,3.9,29d0f01d-0994-4410-bdc3-ea20e6f84fb3,2.3053250312805176,0.9114473055608635,0,0,0.4610650062561035,increase
case2_trypilska,2271440,2024-04-11,3.9,79a02aef-df5a-4887-b60e-769de769361b,2.2882890701293945,2.533195906348664,0,0,0.4576578140258789,increase
case2_trypilska,2271440,2024-04-11,3.9,6524e077-3cf5-4d01-a740-f48f8126a176,2.2722394466400146,1.9544265021212914,0,0,0.45444788932800295,increase
case2_trypilska,2271440,2024-04-11,3.9,23139f32-aeec-4994-9e3c-bed10dac93c7,2.267775297164917,2.266717645968201,0,0,0.4535550594329834,increase
case2_trypilska,2271440,2024-04-11,3.9,1032e287-f230-48a4-ba57-7fe52c67261d,2.2445292472839355,1.597643224498894,0,0,0.44890584945678713,increase
case2_trypilska,2271440,2024-04-11,3.9,7b4de38a-c730-4f55-8432-5c6a3eab22c9,2.2445292472839355,1.8241193735033927,0,0,0.44890584945678713,increase
case2_trypilska,2271440,2024-04-11,3.9,6976be70-d24f-4972-a6bc-45333389c93e,2.2144925594329834,-0.6456630836239946,0,0,0.4428985118865967,decrease
case2_trypilska,2271440,2024-04-11,3.9,17f2f32f-d078-4d32-a31d-749abf26be83,2.2095696926116943,1.795573735237122,0,0,0.44191393852233884,increase
case2_trypilska,2271440,2024-04-11,3.9,9e67bcf7-999c-473c-b666-7ab50a6d145c,2.202517509460449,1.912209649916884,0,0,0.44050350189208987,increase
case2_trypilska,2271440,2024-04-11,3.9,15d65f1e-771d-4070-87f5-15a2a32f6b97,2.1889405250549316,-1.1260593659638443,0,0,0.4377881050109863,decrease
case2_trypilska,2271440,2024-04-11,3.9,f2bb597a-812e-44b8-940f-a488e1dd519a,2.1708362102508545,-1.5507695709151785,0,0,0.4341672420501709,decrease
case2_trypilska,2271440,2024-04-11,3.9,e430e2d5-3734-4c36-a71c-6117a6f4111f,2.132225751876831,1.0043659234767872,0,0,0.42644515037536623,increase
case2_trypilska,2271440,2024-04-11,3.9,e7edae38-66c0-4a99-b6d7-bb35629b377f,2.1163692474365234,0.7386753257785298,0,0,0.4232738494873047,increase
case2_trypilska,2271440,2024-04-11,3.9,77265f09-9eb8-442b-aa52-77c471248faa,2.1129372119903564,1.8979223035526571,0,0,0.4225874423980713,increase
case2_trypilska,2271440,2024-04-11,3.9,fc10fcfb-5755-4f50-8c86-bf6e8bfd16f5,2.102456569671631,0.9794133185828153,0,0,0.42049131393432615,increase
case2_trypilska,2271440,2024-04-11,3.9,89710e13-eac2-4388-ae41-eb051892ee6f,2.0989389419555664,1.3836514193278089,0,0,0.4197877883911133,increase
case2_trypilska,2271440,2024-04-11,3.9,889e95df-d0c3-48b4-a200-56b5f7b81160,2.098191022872925,0.2840393991013046,0,0,0.41963820457458495,increase
case2_trypilska,2271440,2024-04-11,3.9,9ba527de-ada7-4d18-ad2a-e1696d88304b,2.0551226139068604,2.6912176606103118,0,0,0.4110245227813721,increase
case2_trypilska,2271440,2024-04-11,3.9,a84d3ee4-7df2-4d2e-8055-bae26c412581,2.0551226139068604,2.8759714861633072,0,0,0.4110245227813721,increase
case2_trypilska,2271440,2024-04-11,3.9,879443e4-9dbf-4263-b5a4-18342c641672,2.0418944358825684,1.7336395417080552,0,0,0.40837888717651366,increase
case2_trypilska,2271440,2024-04-11,3.9,32ab0926-5e1c-46b8-ae15-186c15f00c85,2.0343782901763916,1.6225987304604408,0,0,0.4068756580352783,increase
case2_trypilska,2271440,2024-04-11,3.9,2272b35c-5a75-49af-b11a-07db39c02d33,2.017195701599121,2.254013590143817,0,0,0.4034391403198242,increase
case2_trypilska,2271440,2024-04-11,3.9,cec0d327-57b1-434f-98a2-14a99bc8e4e6,2.0074310302734375,0.9241239815293353,0,0,0.4014862060546875,increase
case2_trypilska,2271440,2024-04-11,3.9,f01191d6-fe50-435b-9ce7-d4037ac60c1a,2.004094123840332,-2.935618397379327,0,0,0.4008188247680664,decrease
case2_trypilska,2271440,2024-04-11,3.9,883453eb-84be-434b-8ab1-6abb2f5267ea,1.9928317070007324,-0.3641902911720758,0,0,0.39856634140014646,decrease
case2_trypilska,2271440,2024-04-11,3.9,5182c484-2e01-4077-a5e8-44d1f5238f4a,1.992437720298767,-0.7003431414493927,0,0,0.3984875440597534,decrease
case2_trypilska,2271440,2024-04-11,3.9,19292022-b784-4bf4-bb0c-244b7718c3c3,1.9907171726226807,1.1801232434520934,0,0,0.39814343452453616,increase
case2_trypilska,2271440,2024-04-11,3.9,ad0b6e27-f0b9-4999-8279-011f266919c9,1.9723297357559204,0.9992349701731584,0,0,0.3944659471511841,increase
case2_trypilska,2271440,2024-04-11,3.9,749bb273-7694-4dae-888c-cb8743f8cf26,1.9629638195037842,1.8814607039819888,0,0,0.3925927639007568,increase
case2_trypilska,2271440,2024-04-11,3.9,40427373-e1dc-4a01-b43d-3ddcde97ee08,1.9614989757537842,-0.902569895791551,0,0,0.39229979515075686,decrease
case2_trypilska,2271440,2024-04-11,3.9,af1434c5-37f4-420f-ad30-26ebe79403ff,1.9519795179367065,-0.5210768191564787,0,0,0.39039590358734133,decrease
case2_trypilska,2271440,2024-04-11,3.9,51202946-7775-4345-b16c-aa0c527117ea,1.9481912851333618,-1.5422030905963653,0,0,0.3896382570266724,decrease
case2_trypilska,2271440,2024-04-11,3.9,335308fa-1540-4a61-8a1a-42c72afe8c8a,1.9385385513305664,-0.6716172829720972,0,0,0.3877077102661133,decrease
case2_trypilska,2271440,2024-04-11,3.9,910d6899-b33c-4f11-b408-30b851440970,1.9331157207489014,1.0075348704007463,0,0,0.3866231441497803,increase
case2_trypilska,2271440,2024-04-11,3.9,b32da167-8f4c-4744-9940-e6d8c9185f38,1.922211766242981,1.3983297474632954,0,0,0.3844423532485962,increase
case2_trypilska,2271440,2024-04-11,3.9,dd4d79f0-7c22-4583-8b26-edcd128333c4,1.9040634632110596,2.2096020217935766,0,0,0.3808126926422119,increase
case2_trypilska,2271440,2024-04-11,3.9,cc8b0487-8cb4-46e1-8492-a30402ab4382,1.8618146181106567,1.4733922402676307,0,0,0.37236292362213136,increase
case2_trypilska,2271440,2024-04-11,3.9,07b1f769-6d8b-4941-8eea-12dad578cc4c,1.8393487930297852,1.5462117157338329,0,0,0.36786975860595705,increase
case2_trypilska,2271440,2024-04-11,3.9,c4feb9d2-05a1-473d-a8c4-53e75a1b6d0f,1.8004809617996216,1.3318435197182505,0,0,0.3600961923599243,increase
case2_trypilska,2271440,2024-04-11,3.9,e54c7311-def5-43bd-9b67-041d4ae38435,1.7153762578964233,1.2546934925374527,0,0,0.34307525157928465,increase
case2_trypilska,2271440,2024-04-11,3.9,3ada39ae-3d8d-487c-981c-b69cfe9e69c0,1.692081093788147,0.959400995260279,0,0,0.3384162187576294,increase
case2_trypilska,2271440,2024-04-11,3.9,d3194a5b-5e39-4916-8f9c-8348ed533121,1.5185576677322388,1.1190498431118168,0,0,0.30371153354644775,increase
case2_trypilska,2271440,2024-04-11,3.9,3b6b40b7-f0eb-4981-a499-7ca70772338d,1.4384723901748657,1.7860826746728136,0,0,0.28769447803497317,increase
case2_trypilska,2271440,2024-04-11,3.9,d926f1a2-3337-4359-bebb-e01d2b3fb24d,1.364397644996643,1.0832875859601485,0,0,0.2728795289993286,increase
case6_kakhovka,7317657,2023-06-06,3.9,7317657_manual,10.858211517333984,-0.8646444727256577,1,1,1.0,decrease
case6_kakhovka,7317657,2023-06-06,3.9,14429c8c-72c0-4888-b148-5b7c813195b8,6.137227535247803,-10.49108015128185,1,1,1.0,decrease
case6_kakhovka,7317657,2023-06-06,3.9,8cb84455-2379-4123-900a-e5a58bd259e5,6.137227535247803,-12.128955398050564,1,1,1.0,decrease
case6_kakhovka,7317657,2023-06-06,3.9,5c41f885-b90d-4251-9c5a-18021dbf7555,4.46038293838501,4.116995403852808,1,0,0.8920765876770019,increase
case6_kakhovka,7317657,2023-06-06,3.9,0359aba2-e275-46a4-a18b-70a6131c46de,3.902357816696167,-1.1548522158416408,1,0,0.7804715633392334,decrease
case6_kakhovka,7317657,2023-06-06,3.9,3fe9089f-d403-40e2-9934-b577187c2246,3.062011241912842,0.20861169991065875,0,0,0.6124022483825684,increase
case6_kakhovka,7317657,2023-06-06,3.9,3a117f52-85f7-4a74-9b54-78f47f192512,3.030101776123047,3.2446943910047135,0,0,0.6060203552246094,increase
case6_kakhovka,7317657,2023-06-06,3.9,aff9819c-042e-484b-bb2e-9b910866201a,2.96323299407959,3.5624473479204566,0,0,0.592646598815918,increase
case6_kakhovka,7317657,2023-06-06,3.9,4871b3e9-720d-4c7d-b34b-3a8a1bc73522,2.9310953617095947,-2.450460095070676,0,0,0.586219072341919,decrease
case6_kakhovka,7317657,2023-06-06,3.9,7733fe87-b4c9-47bc-b27d-a3362768f883,2.887380361557007,3.627234025395511,0,0,0.5774760723114014,increase
case6_kakhovka,7317657,2023-06-06,3.9,ebecd905-09cd-4a90-b4f2-9300976b4b15,2.825688362121582,2.9162638297733654,0,0,0.5651376724243165,increase
case6_kakhovka,7317657,2023-06-06,3.9,c306106b-ea2c-432b-8a06-e922be50a5af,2.76499342918396,-1.9541430795665111,0,0,0.552998685836792,decrease
case6_kakhovka,7317657,2023-06-06,3.9,bece15ca-9a79-45bc-86a1-cfc119db8c32,2.7595837116241455,-1.1202736501797668,0,0,0.5519167423248291,decrease
case6_kakhovka,7317657,2023-06-06,3.9,701a493b-7281-4a0b-a60e-ecf36c6fb099,2.7408926486968994,2.4717446992250345,0,0,0.5481785297393799,increase
case6_kakhovka,7317657,2023-06-06,3.9,519517b7-c212-44bb-944f-700da38d34dd,2.7408926486968994,3.747499453753568,0,0,0.5481785297393799,increase
case6_kakhovka,7317657,2023-06-06,3.9,33bdc8ef-b524-46bb-9bca-b59a46af44c1,2.517242431640625,1.7720188299081714,0,0,0.503448486328125,increase
case6_kakhovka,7317657,2023-06-06,3.9,deeb5efb-65a9-49c0-b137-fa408e3725aa,2.430623769760132,2.146576982851212,0,0,0.48612475395202637,increase
case6_kakhovka,7317657,2023-06-06,3.9,67c527b7-f90d-4283-bf2d-2f32eceb1b76,2.4229531288146973,2.532452048390011,0,0,0.48459062576293943,increase
case6_kakhovka,7317657,2023-06-06,3.9,17d75842-ca92-4938-a3a2-9fc0a651bce3,2.2541391849517822,2.4343033246708385,0,0,0.45082783699035645,increase
case6_kakhovka,7317657,2023-06-06,3.9,9d7b399d-85ac-4cb6-b8e1-cceaf4b1ec3d,2.2125003337860107,3.7828552704118814,0,0,0.44250006675720216,increase
case6_kakhovka,7317657,2023-06-06,3.9,0cdd6306-846c-4e14-8890-4624140c62d7,2.157294750213623,3.2040470265505614,0,0,0.4314589500427246,increase
case6_kakhovka,7317657,2023-06-06,3.9,0a116f75-3b49-49c5-ba63-5651e33f6863,2.1237707138061523,2.7481037434034246,0,0,0.42475414276123047,increase
case6_kakhovka,7317657,2023-06-06,3.9,d5d0e934-9d98-4e8f-b7ad-aa0ba0d64bf1,1.9528037309646606,3.6503801140147196,0,0,0.39056074619293213,increase
